Subject,factor1,factor2,factor3,factor4
100206,1.9535646805990996,0.11115422210419561,1.1226695153777322,-0.9020748763573448
100307,0.3251316780129847,-0.5206323122415716,1.5967137125860418,-0.4000973814550088
100408,-0.22049894012793045,0.2648953257453405,0.30146787385844626,3.338130968826898
100610,-0.3230503231062685,2.3312869689180533,0.3693280645661704,-1.337250643600512
101006,-0.08629796996870706,-2.0758850063807577,0.538879045139401,0.8062685404154084
101309,-1.315581834004556,-0.6500136229733358,-0.802021157780556,-1.208341956014659
101915,-1.34050456376658,1.2662774997334516,-1.672859321572608,0.7277891322783777
102109,-0.6556731560443376,0.3563777921486114,-1.6113802351863415,0.5664303739704
102311,-0.04549979182674625,-0.08405949637144167,-3.4167813992520704,-0.7363930686604536
102513,0.14119308124554167,0.2780204816584317,-2.642488207884531,2.066957553429772
102614,-1.1745748292585396,0.30995109920996633,1.370804725947717,-0.22247706748435744
102715,-1.7343083229571656,1.061033807665382,0.33255228227739614,-0.5208821879570823
102816,-0.6015391482119126,-0.776198207426683,0.12418903020294023,0.3478305800479853
103414,-0.5492044992881268,-0.285685390422193,-0.26556015370262587,0.11190948227148623
103818,0.8233142647159941,0.4711100465983896,-1.608803156635141,-1.2250646771862748
104012,-0.3782425063235903,-1.9207287782297622,0.5070961640304212,-0.29791568213033665
104416,-1.6257377800643047,1.3724378563904862,-0.05585933133048693,0.3540326437664344
105014,-0.7307961857044085,1.0992227924166882,-0.18363871454473144,-0.3588083407529396
105115,1.4929448584182867,0.7852500849532708,-0.2797606489763583,-1.0357520110662761
105216,1.591198174862386,1.5758924316240026,2.1843473930027573,-0.542868363037047
105620,0.7921740707705521,1.08958987832614,1.915718898427966,0.25206183784893915
105923,-0.3843433861027613,1.3911596156783208,-2.1741441264174526,-0.24748532375221677
106016,-0.06401543774362242,1.0599280990323108,-0.28744950216400356,-0.765061168050829
106319,1.9283028232906074,1.7566738322339428,-1.2760801442038088,1.8855967625162207
106521,-0.27563196404540247,2.194988171408184,-1.1688277373777964,-0.15560439296498063
106824,-0.12933673770637497,0.6369588528829532,0.8626222818071974,-0.8771110092776984
107018,-0.6365440681441806,-0.16020564136560908,-0.24472712525288723,0.8064612321641628
107321,0.001655632405012921,1.536797335653754,0.6926903766431873,0.6275587701665081
107422,-0.19192148979570536,1.4903405871086681,-0.12253377836912731,-1.159827491011174
108020,-0.17521541019446304,0.28081636540813637,-0.2004130657789709,-0.3683905909256065
108222,0.22606313907660933,1.3619806127804175,1.751529272100953,-0.09816252602554165
108323,0.1724396567320892,-0.5067140301146119,0.3548310795868631,-0.10877723812285227
108525,-1.0078995546256202,-2.312659502427028,-2.2878397463213718,-0.3736859239873644
109325,-0.4916319903929205,-1.0497920913152514,-1.1345116301573863,-0.873109994383263
109830,-0.18926746334571506,0.13042890166321194,-0.8548530789783231,-0.8793216976962456
110007,-1.425822415499749,-0.37686591758360505,0.4931108949172939,-0.2904703128900051
110411,-1.2339674787599118,0.7479259379122289,0.33701228481582507,-0.7686926540092489
110613,-1.7215123615996852,0.07173784057970287,-1.1162095148462003,0.4532379540787597
111009,-0.3354783437346987,2.0444991996538824,-0.46051109263450435,-0.7265012140672237
111211,0.1018313782052894,0.3653900519080153,0.2832661413261077,0.9605902767137635
111312,-0.6110464605161998,-1.218906386254837,0.11104380295242572,0.05487367702378046
111413,0.983412711882217,-0.2604703711716424,0.27719323480554453,-0.5275570006595875
111514,0.326017964844464,0.30091385038066965,1.1362361119669366,0.7655039946176401
111716,-0.16747437699958861,1.0523638219221287,-0.3974563486921554,0.12437232220038336
112112,-1.4816903534925596,0.4100040192848215,-0.11541826021283368,0.38974876549749005
112314,0.8191971159625262,0.5000384181456827,-0.7552764659327352,-0.5707112535561133
112516,-0.5915852819617051,-0.576168139560188,-1.4214032014174531,0.4542643673609071
112920,-0.35653850126644204,0.6004246741499858,-0.0619958570511635,-1.0328048486701202
113215,1.243160316430199,0.5689760385383206,2.199066252879771,0.05226496495703535
113316,-0.3342766892387138,-0.3958810448545107,-1.0500431096215965,1.3094062475893453
113619,-0.6957420673300477,0.7083742230593528,-1.112974739768454,-0.5802228604649867
113922,0.3401161220611336,-0.7802105982847892,-0.058034810661382004,2.6610019429916414
114217,-1.7504044934975556,1.2940469097636338,-0.9967467447160415,-0.162273103756854
114318,0.2825496619947358,-0.5921978948317965,0.4211654307196095,-0.15211294049384827
114419,-0.06312245830415845,-1.2497174180732111,1.89699472201778,-0.1425888574099872
114621,-0.2094989668148639,-0.6879475382558982,0.5249795124323027,-0.021802972658099315
114823,0.42283951602047787,1.882662043294062,0.012204581805855591,0.09153788137619345
115017,-0.48158477732858523,0.061817772825761744,-0.24453769480183687,0.4503679870805545
115320,-0.6188581457741743,-1.4148021193085971,-0.6750646408934153,-0.6539171339323062
115724,0.48614176749087173,-2.1112771410866364,0.7825706527692506,0.23027738317070343
115825,0.41163317886038897,-3.2184623025848715,-0.11730795334590248,-1.0831532110111766
116726,-1.1018416223132341,0.6789523988212056,-0.3612607363010615,0.08738433794577384
117021,0.5258725417373663,1.2761017656894962,0.26390391466496155,-0.5630024605782178
117122,-0.22755724350914427,1.3001710915588416,-0.4799641550726342,-0.7088018554484607
117324,-2.046805667488338,-2.298302249937227,-1.5910741270846565,-0.41714245809590794
117930,-0.4366913966228447,-0.6759792499218461,0.05379041615029716,0.15048962535326704
118023,-0.3505546513280063,0.17264947518569274,0.038563084375017036,4.156025135504987
118124,0.35032616251436366,-1.4215498260974537,0.01684024663067967,-0.5681566590273204
118225,-0.44038240746253743,1.2758842221721685,-0.40163152433142346,-1.0918281946328903
118528,0.7332932292272829,-0.7699608295707951,0.5600834787162771,-0.28697025771853
118730,-0.01966669499592444,-0.9755193367220985,-0.14846354390393335,0.24597386904001547
118831,3.1358930502600906,0.7273281776501909,0.6861684503445896,-1.4917774333926312
118932,0.741780093594944,0.22011979300842335,-0.5942339463726004,2.7991317193982104
119025,-1.20813446258878,1.4765070878804702,-1.0137634784513125,-1.0055218758688762
119126,0.8127245042124411,-0.8548664127303929,-0.02595207393620287,-0.25831287525924823
120111,-0.9607608211819935,-0.7693090447538933,0.6818551438286459,-0.4831929951359461
120212,1.2687184390026736,0.5471619385653435,1.041944982972247,1.6635906591344227
120414,-0.43547644176134054,-0.8357474240588421,-2.2855280850331137,-4.333498617278762e-05
120515,-0.23510368129678255,-0.22584664943776933,-0.9593758439498759,-0.7494165616210103
120717,0.5401985355013754,0.7463441811430245,1.0524669862087006,1.2645490244627857
121416,-0.2895651448387173,-0.1343635926520488,-1.8710797402981105,-1.2332386870129868
121618,1.6279245111998812,-1.155116873999226,-1.19608592324477,-0.6113030296052077
121921,0.47482403865406564,0.10105902773630825,0.18008589746166628,-0.08981708846716463
122317,-0.17943215400898507,0.2490454389900415,-2.6710886862994605,-0.7324318278054338
122620,-0.5158736135455072,-1.5422381051938263,0.12230059326463266,1.7119588780069992
122822,-0.030751221157106177,0.6615288993400102,-1.0147327550491343,-0.7873348100166214
123521,0.8270438605701099,-0.5426884553487029,-0.021914250203235605,-1.4430063349833002
123824,-1.5695428756664982,-4.743956703756795,-0.4152169472719002,0.4774626996347714
123925,-0.040385379590050105,0.14860254509522455,1.1247705059051114,-0.464606748170407
124422,1.9681481367926652,-1.3176115393305932,0.5703232902461751,-0.35905394000801283
124826,-0.4342162647969967,0.09733989229734005,-0.6266200508011871,-0.7618677149003931
125222,1.8497912184743568,1.3534800475519742,-0.3905661488300062,0.9081704210410505
125424,-0.6401361318146022,-0.5309358533295966,-0.47266758760029093,-0.5964446846324929
125525,0.3381407866451791,-2.2552667247244376,-0.8721175873367174,-0.8405135622041146
126325,-1.0298059599691396,-0.5479902533049565,1.4754625523303961,0.7939782132413307
126426,1.2249461813452256,-1.7855382941004119,2.1124569804703595,-0.7227625689411439
126628,-0.9207481058684774,-0.1369262553755088,-1.3947929606865601,-0.8756575655566194
127327,0.29092778278098,0.7467038177348502,1.066629616160834,-0.3117141404330655
127630,0.02231137261195377,1.057767170783947,0.8742427710061225,0.10047601022900798
127731,-0.35212393725242846,-1.409311877510018,-0.11565745825499736,-0.8180196189244605
127832,-1.7826951974573173,0.5021066346379692,-0.9834414030839838,-0.4607752183419525
127933,-0.3574317269359121,0.4213792693144395,-0.08275142049341196,3.6914181018831673
128026,-0.08048926563489231,0.7915292888945207,-0.8772651747227809,0.09890563334508023
128127,0.2992470847388858,0.46151125512396957,1.0671339667252329,-0.19873222609046362
128632,-0.8601962083443033,-0.7827889163807782,-0.23043861525978826,-0.4956741308904264
128935,0.16597748854825037,0.6354974202493653,0.2914958345065078,-1.231750283292654
129028,-0.8693815039646313,1.1860549316600417,-1.3857915392048936,0.39604401730875544
129129,1.7307169183534798,-0.17072851461773558,0.0029929729437489457,-0.16096599622233665
129331,-0.19460105170153938,0.7630810949360187,0.1368484726966652,-0.22093558739739244
129634,-0.9902169411063945,-0.473189323856532,-0.7159548424676853,0.2201103258233
130013,-1.1256911292567366,-0.27930664889453605,-0.22382262848326417,0.7592041240547186
130316,0.6513980392240803,-0.005501029339199212,1.9663006586361127,0.8581688822457394
130417,-0.17027974942384774,0.16494297199970143,-0.4018333739336158,-0.9429473582550341
130619,0.9910663671066119,1.3893679717042375,1.4179541127121469,-0.8045671287037622
130720,0.3428252269789944,-0.07771175277115983,-0.16017522214164992,2.378180690994181
130821,-0.024493083562756805,-2.047718556108439,-0.26736911318008816,-0.19036157595451259
130922,-0.13532479181986765,1.9293547596886615,1.3970122312677598,-0.10388749583670442
131217,0.08538102841225342,0.204220382547406,1.0648239150129089,-0.6387829048284794
131419,-0.1972746339539183,-0.04332482935404802,-2.3187449941271834,0.7451311845556556
131722,3.3756269899608595,1.1842639585598105,-0.34315102653827084,0.3398554049890536
131823,0.19559517508040553,0.8727513439687086,-1.2208474750716507,2.0072658010622333
131924,-0.25443401399799676,0.308229447536458,1.1516286801701567,-0.014229337365857455
132017,0.24860302188434505,1.0557421587471985,-1.9452982208608156,-0.849403881259009
132118,-0.012532098399030673,-0.5475994429303068,-2.3920604469494293,-0.4953463585790986
133019,-0.7449526675546077,-0.1331788939212436,-0.3377312441720672,-0.5829376308501127
133625,-0.3445045496382007,1.1380746247482447,-1.4331630966232565,-0.48552442911242444
133827,-0.9074945394149496,-1.2154070664181689,-0.06831969940741683,-0.11048646507308009
133928,0.4958683414608305,-1.0576787039045241,-0.1905188387186717,-0.47323962025211563
134021,-1.4806257071267337,-0.937464109762538,-0.7383725959845058,-0.2297274292036389
134223,0.09388438836681051,1.6241345745598281,-0.5016411455586283,-0.43046178432282617
134324,-1.5337636173706997,-0.08116800783214403,-1.437377086430885,5.662070999338741
134425,-1.2443731928242543,-0.14446977939606306,-0.17943412756365645,0.32157803679169866
134627,-0.6488931297823104,0.08269618564547615,1.640552473599947,0.0023909167294843326
134728,-1.1499309746876114,0.4085286498356031,0.14867453032271202,-0.2862891486671022
134829,0.6603353450911467,-1.4894299088937764,0.03627118278138782,0.07238705235593383
135124,0.784813131729569,0.6524929663913839,-0.09755760899473946,-0.40768971341337046
135225,0.24165919707840067,0.1247655901011346,-0.5507263946418569,-0.12829757938011957
135528,-0.6246047281857514,-1.0095276916265747,0.2273845976475741,-0.5465573426114387
135629,1.5048729988401977,-0.5329095903542364,-0.4292635272229594,-0.6529922509430891
135730,1.094908280717121,-0.37013688683785656,-0.4157219611396187,0.30806605911568785
135932,-0.2669113288795823,0.5741897517775194,0.12228590378848464,-0.42970973023357756
136126,-0.14075942425223315,-0.3645273937183364,-1.320236560650314,-0.7924740318487501
136227,1.0073702481742675,-0.3524351113282659,-1.0766649764107041,1.9368930976347927
136631,-0.38941043112846,-1.0749546781063235,0.136984552477307,0.5740649662901146
136833,-0.43705931347407834,0.33656246056262834,-0.15614212342681838,-0.8826541293743178
137027,-1.2560998710371503,-1.6538425965196757,1.517074070976384,-0.05834734499078598
137128,-0.530570325361132,0.674022025429508,-0.19269419080249922,-0.3445272711721297
137229,-0.7171082501883533,0.7013994645447421,-0.5869619185850959,-0.557802333828348
137431,-1.7421258619081958,1.4864975736186552,-1.087246807079557,-0.4674137257297263
137532,0.2962456537529399,-0.45521112634812255,-0.8862498219647663,-1.2389052092396629
137633,-0.13000793531703653,-0.7272631544805003,0.4152425591438477,-0.2735462175948527
137936,0.28275567567058557,-2.7134602211957075,-1.3626645201033498,-0.942759077367676
138130,1.0603418619136937,0.8878897978490085,-0.16260038734241578,-0.1543695680275029
138231,0.31721210194787586,-1.1974188223203714,0.820039785296101,-0.5497528343915786
138332,-0.22275396480928866,-0.33973649522671173,0.09284326977958768,-0.012100941529851238
138534,-1.5037774081714672,-1.230952095784187,-0.03163797641992717,-0.5589533985274796
138837,0.9967346514768537,-1.591810988887313,-3.268462195178716,-0.7226606652269263
139233,-1.338913047889149,-0.8230037702941668,1.1847551189989607,1.3584102636252928
139637,0.09931396457428804,0.677372107560873,0.3411929135465969,-0.3960134985891319
139839,-0.10870901340588264,1.0366107675617238,1.7386199822044544,-0.35281891513772295
140117,0.9936356787818172,-1.486906875406953,0.1171455215015886,1.2153224270519802
140319,0.7897112227565652,0.25872752470684823,0.022738909174655618,1.3508033291604802
141422,-0.024530712033475992,1.4155923631958565,-0.1832241629985785,-0.8196886974057614
142828,0.6762512397763043,0.37408705212731075,-0.225240521791503,-0.5951291995457804
143224,0.12420547006973069,0.5781007607846295,-0.7975494973934939,-0.19305110840755496
143325,1.3923051566290785,-0.19420656589301627,-1.8185188203806362,-1.2282373915279643
143426,-0.08732223384722076,0.17196539714619818,-0.1190268435162333,1.7574922960062982
144125,-1.375978946362061,-2.39965191840449,-1.6407838060923061,-0.4718486989776398
144226,0.34415054606922907,-3.07189283545601,-0.07796063497631828,-0.48818648902654915
144428,1.5225891240267388,0.44986955729309713,0.2729209851755802,-0.7207337604522697
144731,0.08181143728372246,1.7754447719216369,0.6054619345980994,-0.4302665012561436
144832,-0.417210822848053,0.26798945880363656,0.3797075801111489,-0.5095205984093922
144933,1.1576946868267515,0.42628408620196967,-1.906932604693179,0.4800046993717474
145127,-0.23108765662498143,-0.8717321929710308,1.0768875702635823,-1.0418095539550405
145632,3.427299694938709,0.2997704300667118,1.3600709404454956,1.16924961238787
145834,0.4448899771293165,-0.07938893495838183,0.034374323400061794,-0.39344101434975554
146129,-0.7372681633410012,0.29555416015693925,0.23870735384123973,-0.8652658828958679
146331,-0.6213465270854358,-3.652022539947938,0.7352045775902748,0.14861832271274847
146432,-1.1390015453810403,-1.057728736566084,0.1580838036204081,-0.9007927708245057
146533,-0.15770889112309883,-0.08638674736622881,0.924414011261609,-0.6160487866563332
146735,0.18525482107296626,-1.8514514990629838,2.4181590774436947,-0.19102020775373804
146836,0.5345619799270168,-0.48110308889132375,-1.4909322032064176,1.1494410018719599
146937,-0.6135908642716014,0.8345209107200215,1.009845539233198,-0.24663904641989
147636,0.6856784463401129,-0.3153910157378608,-0.19504961952647049,0.7181441228078166
147737,2.8372275013217068,0.8826117233585246,-0.711491681394895,-1.0200466547583436
148032,-1.7130347150042902,0.7467917300802143,0.8304364707435647,0.8447259691900264
148133,1.5768676775028583,1.4271828012647205,0.264531321071801,-0.07135632672776315
148335,-0.11794958995522382,-0.9854751204284125,0.8151983988517247,0.38242344229051867
148436,-0.6131043593038669,0.04954583558910762,-1.0862850062968206,-0.8218844791160769
148840,0.9791229978010069,0.507314937339678,0.8201284589681107,-0.027341088370649465
148941,-0.7089860783385631,0.07936305858134049,-0.9656949289811024,-0.5105355454631572
149236,0.6419835896913689,2.29881782761911,1.2721746718615239,0.47820127564001846
149337,-0.39685532320803063,0.05431651965975416,0.4427520933769703,-0.9625314444019691
149539,0.12395625558447936,1.9621026750136665,0.31856436015986644,-0.7185019632536159
149842,0.4112920048547716,0.6923642442871772,0.4356242755658697,-0.6376975080545406
150625,-1.0378240078995602,0.3582481983144997,-0.8779253967845316,-0.6715971069136426
150726,0.7278535447259963,1.1965075771621292,-0.35447513933250635,2.6537456973371834
150928,0.4238063590862672,0.005279768339594701,0.5213150768389663,0.11537807828754232
151425,-0.07110476727500539,0.6333212030749699,0.09838605687708264,-0.10621428251849797
151627,-1.2151947169032404,-0.14813445186212082,1.5337672990964513,0.2640381846930951
151829,0.6188725633820943,-0.032771864603039456,1.036905571389254,-0.6672937190048253
151930,0.6809519658323522,1.1190333177100695,1.2306341899334665,-0.03536182166447539
152225,-1.0558313173296565,2.1372461776818974,0.4140465624456238,0.17266106899064332
152427,1.141945559387,1.6798756284417935,-0.3562837985417952,-0.6747290572127791
152831,2.201823477451089,0.37287033680376913,-0.04611998204446131,0.7908007137693032
153025,-0.7288088166120091,-0.536519784031699,0.6839205895678648,0.7206648806872276
153126,0.18670540128367957,-0.7810084675877567,-0.010876430172229813,-0.581302423410149
153227,-0.281846315567501,-1.9181595818392716,0.2532091628462308,-1.0521328442789204
153429,0.2713434070095593,1.3253551480411958,0.9802443898145274,2.2936352165592218
153631,1.4942417354960318,0.784943047424077,-0.5702742738951585,0.05230447397634461
153732,-0.701460341198454,-2.6242774596648757,-0.4183426228523062,-0.372077270402951
153934,-1.29867209374668,0.637612925898157,0.7643695407497635,4.793728573738449
154229,1.0578556303454376,0.680985564065254,-1.2120498113072327,-0.15665209662999147
154431,-2.5461746514972674,-0.5306772305468967,-0.24129523924364932,-0.22072490781958182
154532,0.027320628330306778,-1.2705695440982052,-1.030615748427838,0.059329653284330375
154734,-1.5821181849535746,0.930270447067033,-0.09417354449460084,-0.7307917625855185
154835,0.7684951716315658,-0.18120994227825973,0.5429630797238463,-0.3816291983282135
154936,3.1500467897873006,-2.0940018706080052,0.06353535112628102,-0.7241216126816854
155635,1.1477235839851039,0.1812657499202467,2.111265026143298,-0.16679782056970954
155938,-0.48595600303351255,1.5686566182926414,-0.4432791788069034,-1.0156118715426796
156031,-1.0062695371286783,-0.30624221713077365,1.3880974328331295,1.7382775867954499
156334,0.5864482576689181,-0.5948352265286749,1.6489631140244823,-0.12016083844281755
156435,0.3381703778565115,0.969654006554173,1.7177914697073202,-1.002609720891617
156536,-0.2094838838021717,1.3451983196081854,0.4237782982076562,-1.064722343016909
157336,-0.06494461614311492,1.5191698150904855,0.2148559332312216,-0.24932547504034397
157437,-0.5512985764101357,-1.1984007592631098,0.9086103725329292,0.14098366150180838
157942,1.557777554149916,0.12227247964461391,1.014876254795683,0.20350824466396322
158035,0.4693829298797114,0.005281441422508931,1.2082297715575818,-0.7094788893736881
158136,2.1592649402403676,-1.6071863677442313,1.2338963061345767,0.46249240384335405
158338,0.41926807528707083,1.2524051306105521,-0.6908247539742179,-0.15878427484717791
158540,-0.23137103342603538,-0.32515859951871057,-0.706033259139146,-0.027884075296466065
158843,-0.2569341645632649,0.3558757693124247,-2.400697522036411,5.95493057960304
159239,-0.9242786859115786,-0.7958781322801478,0.3410532756414809,0.06862745236399034
159340,-2.5330974197031177,0.186283117079951,-1.9589138197792806,0.2700660707832509
159441,0.1622820522838306,0.12619031281836526,-2.7606713381387795,-0.0047937221020532975
159744,-0.6088398457122948,-0.90712825667512,2.051934471524115,-0.3660116653039906
160123,0.60372713953163,-1.9125565901735788,0.689844766435508,0.07280733690557102
160729,1.34927883605401,-0.29546442351157276,1.8048497910865389,1.0904992864803058
161630,-1.58011492152113,-0.20890472178033054,2.299498934340514,-0.2822336679774991
161731,-0.540208204550442,0.5970675142260157,1.1343251731838686,1.3264028724791321
162026,-0.5772011849938643,-0.3632506786214662,1.2723912170266174,-0.5577467739252004
162228,-2.3217886834423513,0.5916565696725015,-1.3468199704384392,-0.9206530881466738
162329,-1.4285575681188674,-2.5374624073338783,-0.3382297371246037,0.3364972288886001
162733,0.043478302329993224,0.7856565106607422,-1.878198177068324,-0.2034596901236352
162935,0.8837914687392527,0.03221030899903387,-0.5277428632680136,0.24977994418351235
163129,-0.35102701829805366,-0.5070859731317645,1.0719157562076518,-0.9393100654843243
163432,-0.5975004499289399,0.7981092473880305,0.8684282905328646,-0.3661810427940234
164030,-1.346547346540351,0.7556039355749044,-0.8028223439000577,0.061506370899916965
164636,-1.161674976546869,-0.16985712972650882,-1.287342209158486,2.0942758000202994
164939,3.425913628384799,-0.6742006795242492,-0.0506830443992546,-0.591460696990596
165032,0.08511644493343985,-1.2449040595154124,2.4229664514916776,1.9436756830651027
165436,1.3696319864637077,0.005604553346075035,1.641335522785695,1.1667151021702586
165638,-1.6424442462729136,1.6385878003398582,-0.5226675327622389,-0.5077852284698008
165840,1.174206920470577,-0.12077367614780994,-2.773053739224794,-0.34783210613842175
165941,-0.06731947519123128,-0.278217093603577,0.9671716120853264,0.48350463353038947
166438,0.5908735768732968,-0.041839286241544676,0.8614111371983305,0.44198933653561073
167036,-1.41759292510833,-0.20934282314492655,-0.4340570476444199,0.1487829502658024
167238,-0.18607113504055256,0.21610857158004879,1.140685767272564,-0.6030876742308517
167440,-0.3424403527771902,-0.20657752160059348,-0.5792250735505383,-0.03871548153310659
167743,0.6502655303908614,-0.3699678931368966,-1.8815943744829469,0.5496404635860261
168139,-0.19188286324648773,-0.7137164694204001,-1.2395417300493228,-1.2692532525327933
168341,-0.8368187794605587,0.2704717040462658,-1.4751042357094064,-0.6050273183141311
168745,1.7972582481720316,0.12665115767652652,-1.9301284138361552,0.5427055073937206
168947,-1.0517905462313442,-0.8867388700448422,0.06688085573596182,0.1543089707449379
169343,1.4940889108953987,-3.197538264341897,-1.2936127536681246,-0.2748130805328113
169444,0.6074610424483748,0.5992763941004424,-0.6657988416881214,0.301030559676131
169545,-0.2600206488764811,-0.04689864280982517,2.0903522561367955,-0.432184786783814
169949,-1.3441815783592683,-0.1319032494195772,0.5061688734915618,-0.3009382750078269
170631,-1.3232028968932499,0.9193828183215121,-1.4061221013922127,-0.22949292937280816
171330,-0.6275307387541339,-0.7116201471029321,-0.9552978430124739,0.28482999756474836
171633,0.32555328807499945,-0.6549467710032308,-0.5315968008183724,1.5771585107483925
172029,0.3436473421681255,-0.20335946549261824,-1.5295446172995883,-0.8478077701016223
172130,0.37533048813696307,-0.39438307229526404,0.09010702295168328,2.9289713324027584
172332,-0.660736375701917,-1.1006371299017554,-1.4687238408894463,-0.7683550401760477
172433,-0.2701500140388104,-0.5885520096102687,-0.6732433708950132,-1.5004820613755616
172534,-1.245396287846344,0.15113866139547114,-0.2255205024657453,-0.13603128350790156
172938,-0.25801074473980506,-1.5468520528981,-3.4907948087906284,-0.087829889447552
173334,0.8666067631776319,1.7106412773615782,-0.7515874556572422,-1.0982122164068155
173435,-0.29230670571952594,0.8327004610609573,-0.0744114421730036,-0.5480825352363207
173536,0.34288170661566103,0.9151075496260505,1.3917378295262806,-0.4977614156892744
173637,-1.943381731727176,0.5314702728009327,-0.0755251866110565,2.547735897910217
173738,1.2956250810700796,0.7293523418654633,0.03253433877791298,-0.7951960852565949
173839,-0.13019811600346007,0.27502005029359267,-2.784477189094817,-0.7301333561434057
173940,0.4027233697296762,0.9491100517851636,-0.8688344653858755,-0.46672634410230734
174437,0.7075732782730887,-1.9914338522143695,0.9938568752501278,-0.46894078665716515
174841,-2.497105365667003,0.27828660224146584,-0.034270168156068,-0.7198933053202213
175136,-1.3798103781070161,-0.7075415347717571,0.9614371754994093,-0.37928741062830723
175237,-1.0931329730489863,0.7221361057176042,1.1794467726621032,1.7508898989881336
175338,-0.15075742983471102,0.008136980996965703,0.3121970738608339,-0.0729254517384799
175540,-0.17964175447443495,0.8093747486500645,-0.410526400165474,-0.6399570570696145
175742,-0.7541534830819207,0.29429376639702104,0.8973877485231673,0.005365247667684746
176037,0.2212563005546662,0.628619486423613,1.038633151390403,0.7619595030091068
176441,0.9266960210593572,-0.01609495735158891,0.7090156896859401,-0.7019209341931989
176542,0.002295218498526191,-0.9956214739501026,-0.9011255836931973,-0.9485795699956804
176744,-0.9169796329453185,0.17931743672330627,0.6673078611665324,-0.43497661288913053
176845,-1.723792198442701,-1.1413722745616288,0.0006749264606198612,-0.20177671213431841
177140,0.5768137785334502,0.41038864649750945,-0.7580504671774475,-0.45339028660814523
177241,-0.8493592019458911,-0.8327131646555427,0.6575822514393288,-0.09291774670535576
177645,0.015123731325320982,0.9022065214253107,-0.2302533679685857,2.938819954829192
177746,-0.9300282990132451,0.8090774941429305,-0.4440591134200191,-0.6351375851942244
178142,-0.4916956106727482,1.2273576882753223,-0.23145933500434482,-0.4552279857414291
178243,0.6722213795563291,-2.3237714324817724,0.15771288044726436,-1.2829208063881081
178647,0.2171697299700996,-0.9145757335828384,-1.526950774883109,-0.474190315062649
178748,0.20493393311246777,-1.7752154272744014,-0.7806638842794507,-1.2495490053278981
178849,0.6291550162000801,0.06308388153187286,-0.07358331939718515,-0.7917854532915829
178950,1.6422639118140767,0.9360513133511146,0.5131177060829131,-1.4196992022751838
179245,1.0040548289678703,-1.2831713336417603,-1.1914730162790466,-0.5955234086515376
179346,-0.9856389932071893,0.7197137066653408,0.5604057871698968,-0.42417214167266604
180230,-0.8963921202703822,1.4812702125599762,0.3328925296385498,-0.18919702170068955
180432,-0.08869239542482403,1.2233412893236935,1.7603206568832728,-0.2619058482071429
180533,-0.29552971749243845,0.5473463187274958,1.4727107582678478,0.16645328781351748
180735,-0.47247889042108415,-0.6852908468662898,-0.27731081619403836,-0.7601347570522312
180836,0.7658205278437638,-0.5518093768703098,-1.4031924885687364,-0.34539672848298175
180937,1.6214726516451867,1.3601997423126497,0.5865273602626442,-0.6937766338737386
181232,-0.9969293086414868,0.07404638362889628,0.5406072640798084,-0.08618709080401422
182032,-0.10543530643672874,-0.3348318223289261,0.7843693163757576,-0.7713106782058415
182739,-0.6017557825449271,0.16486123343265716,-2.056639067027537,-1.1362241981392276
182840,2.6543890565653814,-1.033694543215244,0.7206761870588518,0.3569013350020067
183034,-0.6030963532219059,-0.579694690662093,1.0302774944484825,-0.6427217230199357
185139,-0.9197074546226978,0.029462629442176633,1.0124298234489113,-0.15792746156813348
185341,1.3211392877338555,-0.46655077595406297,0.5742142218931003,-0.5218869948879475
185442,-0.303323804857448,1.2972943207237473,0.8395234050747505,-0.9910646144385401
185846,0.47131410770697857,-0.3709381539376459,-2.6771069691358993,-1.063302601575938
185947,2.9939089136619597,0.41881066083045787,1.1130154563302281,0.06356910705141387
186040,-0.07117257555852734,2.408219031683469,0.07200186600675075,-0.9713160097736755
186141,0.6727997440770457,-3.665749191774744,0.1885395312344966,-1.2993350606057794
186444,2.5910226332001822,1.0073998712248686,-0.39013419786596226,-0.1932734289272707
186545,2.113812431344053,-1.0642038376351477,0.6127214007071488,0.38684025583772874
186848,-0.8921742597738279,-2.147016295807957,-0.7956136813593843,-0.05589889968119388
187143,-0.5339585192974906,1.3009970088375797,-2.1050296037197254,-0.7810044996610285
187345,0.24593430414709627,1.0217736404636153,1.166740649061641,0.1264695196049648
187547,-0.6842282383039151,-1.1789883433486763,2.5164502547835186,-0.1440778960996772
187850,-0.8836664344559689,-1.0187239364938434,0.560475416111788,0.2905707902005189
188145,-1.1556117919016378,1.683796432137146,-0.7402453228750416,-0.2474610686663213
188347,-1.542204883350611,-1.8401374342592574,1.4410972446337418,0.24252211719963973
188448,-0.11702189938826074,1.1228973219340064,0.48695373549995297,-0.32791552860563633
188549,0.8128345176992889,0.06746239562530383,-1.214666810374341,-0.7236550302484918
189349,-0.6468299986733349,0.2130137745835584,0.7393739607280951,-0.07532180341866847
189450,0.1641232318978442,-2.1842894201714738,-0.701894992113197,0.4388685650604428
190031,0.5181332305763743,0.9951321255533889,0.4575896470561923,0.983399258992471
191033,0.23303735625299146,0.10883492647785176,0.3092692629611132,0.370759927515192
191235,-1.362974368602437,0.16466565684808998,0.6155931293056415,-0.775780191999067
191336,0.980982813530924,-0.10947618111223732,2.385003808469603,0.6814225061459238
191841,-0.21935717467972482,0.5338280541298672,-0.9523150739611663,0.013803119926394297
191942,-1.7389910691197774,0.4958657766482402,-0.24634622111702575,-0.8254092842821348
192035,-1.9527401856434001,-0.12698541008745692,-0.45301627467309724,0.01227624095778828
192237,0.675398815140313,0.3879510710753811,-1.3526017062491282,0.14405050463708566
192439,1.848547709300456,-2.1128966541730994,-0.8173406063766201,-0.5287957693884665
192540,-0.8282327274127362,0.14207359650359444,-1.3024578268353848,-0.20063485517741167
192641,-0.5242995053949312,-0.44813664841941264,0.30020563416626816,-0.29121101731435334
192843,0.11928094844338136,0.11065742735327115,-0.2189543048138947,-0.7689037291048473
193239,0.3400310423440828,-0.9071264680879727,0.27140327241732715,-0.8982945842379272
193845,-1.2816435394835441,0.13054896465139512,0.5998852429562209,-0.15494529777124685
194140,-0.14919747358217095,-2.051211821624635,0.13053239091460975,-0.8268265407938473
194443,-1.360890201389719,0.12217806929528707,0.12499760213591361,-0.6173641561044774
194645,0.7856844440595142,-0.15330418381202765,-0.763252133896078,-0.7279892631721588
194746,-0.8632680132831575,-0.28635285264685945,0.5300856199176199,1.790491046206721
194847,-0.1711642371840813,0.765449461672498,-0.23550105611531344,0.20369958777765718
195041,-1.0990628995519858,-0.15320339665157873,1.083534999506618,-0.30953596250937476
195445,2.160250376298139,1.2861996349110796,0.4005818384790472,0.0006665638025290805
195647,1.6733502631241124,-0.8695968083995627,-1.163269159520676,0.6255878790192941
195849,-0.6858181239267539,-0.20538683392649346,-0.34360554904213075,-0.10279656525470386
196144,1.5363296262572665,-0.29669002721622845,-1.3629657615276833,-0.7972336334955648
196346,-0.8220081925544118,-0.0115454071819715,0.42604817431863834,-1.1973588062028504
196750,1.1793390860866804,-1.362694693654221,0.16373569383324282,3.110791915714678
197550,3.0878651632239307,-1.882946518072759,1.3015648764714405,-0.3538267301822912
198047,-0.15441021067684088,0.6243347152093401,-0.5613358858915006,-0.3258484645590769
198350,-0.3823424929562593,1.1797102752081763,0.1752233929413487,-1.0740212782347027
198451,0.8072414384751498,-0.7316306248877907,-0.09156471216810068,0.6182260760566199
198653,0.6325192618832546,-0.08335286653017869,1.134008168255685,-0.7867702339400816
198855,-0.8101618514027735,-1.4181017027093543,-1.0469858918834067,-0.6671947930752385
199251,-0.4636780500680543,1.0102085832360692,0.4708110572026207,1.853079212577317
199352,-0.0675020533696144,0.5900520120481719,1.752156119833677,0.5657497401939057
199453,-0.6359761085620615,0.17506847172529236,-1.2552734663937166,-1.0950132683250915
199655,0.47024098081907584,-0.8079956353314781,0.5744652476415865,4.122921136140176
199958,0.8570600681084407,-1.72501704893592,-0.3203227727508751,0.12744893322262166
200008,0.24992636790444742,0.9794619371251077,0.2766773208022708,-0.30997855281621584
200109,-0.9362826863965739,0.24964361794558942,2.3307731997171977,0.16456985258741316
200311,-0.4306356302257693,1.4083128337923723,-1.0161263363346602,-1.029090950412017
200513,1.0322123467585436,0.14219522021960201,0.9612242381058373,-1.2610706470040622
200614,-1.7248226487587817,-0.3682467384638053,-0.12281966019033508,-0.31007571058698635
200917,0.39892965557021637,0.398449115581596,0.7065126722440466,0.22303274525202751
201111,2.1268098844861165,-1.4929003143408721,-1.0316843581035666,0.4186657531304076
201414,-1.185138724558408,0.6451017924016333,-0.8550948917436819,0.0009491371239653824
201515,-1.7635538375415873,0.14471804417220957,1.5733533557443007,-0.6299693733868641
201818,0.49905196640558647,0.153354271057976,-1.1944991245490342,-0.670546354787175
202113,-0.38911176116620644,0.5006298910733871,1.0096391480699072,-0.026583844497119005
202719,-2.5732292525826304,-0.6940472047595766,-0.07840933301858463,-0.7599581929289593
203418,0.5312754622927096,0.6919476629224297,1.0487992544554385,-1.4791551709011554
203923,-0.2516632907928066,0.10108967875414678,-1.4562418170768416,1.05150502646779
204016,0.7107518826389125,0.9991402115481973,-1.3367781641512864,-0.6851991843068076
204319,1.224861138342209,0.6603097671915285,1.2143084818939238,1.0438075503762734
204420,0.22080791237202504,-1.0255534685811751,0.04590991440599092,-0.7155426900744546
204521,-0.7893717131839297,-0.012715637419885227,-0.37302282304515255,-0.003380216800687761
204622,-1.5300220759693297,-1.0361270541390388,-1.118544737811538,-0.6831986789622003
205119,-0.4548669380224942,-0.0791824684807932,-0.7186661547876086,-1.0865644869238027
205725,0.881689348506333,0.6058031639518324,1.235903145048702,-0.7107288838409785
205826,0.844481341747681,0.6718855845744357,-1.2173601745450038,-0.9088011667558599
206222,1.9160997432189675,1.2320195643222198,-0.7603974601183113,3.1389561041238307
206323,-0.6306368508093301,-1.7983041822569892,1.253449354302403,-0.3122020228970962
206525,-1.078185129372481,1.5728836832094206,-0.5217437512100428,1.0676717856168227
206727,1.1877313311167352,-2.2391910522000695,-0.6339859837682951,-0.23800042558663598
206828,-1.4837354372718903,0.9195618158756093,1.8331901367724763,-0.7632676710805064
206929,-0.5508277739612176,0.2316104625092069,0.17358043778781357,-0.09958951227430757
208024,-0.12405976506968508,0.46256618964822505,0.23595016437455105,-0.007757397176390333
208125,1.1065244666913354,0.807076788289034,1.6659758093011319,1.269210675665742
208226,-1.3727924603220256,1.0718961106988247,-0.9677652552712619,0.4695090914069509
208327,0.1476691243762004,0.5676623898686962,0.32442245898769906,-1.3873893496020624
208630,0.43128608133132035,-0.9809969814730297,-0.3639763525066232,-0.8388031576513467
209127,0.9569069886637985,-0.8168772235335913,0.47590808150157804,3.3806803410059363
209228,0.9657682978679348,1.1496137125691683,-0.4734330164855252,0.2113144790439033
209329,-0.9270552053297058,1.2031937278820968,0.2901923333175772,0.06570562838794985
209935,2.636356767138355,-1.529984915394125,0.10773614261415891,-1.3695196338455426
210011,-0.5982912723357424,0.1863275083635317,1.1829479188725918,0.4354340916164751
210112,0.882130541013709,0.2163199497439769,0.33582457862276527,1.2646062704420287
210617,-0.6417881155296637,-0.6107799904528044,0.5412749305315973,0.16943864477808254
211114,-1.915152441310065,-2.255645079294956,1.2240425254604925,-0.2205539207583774
211215,-0.1673728616149608,1.759104772580902,1.6949254747844014,-0.3286107401359514
211316,1.4966065062069391,-0.24682996289906203,-2.7258524772145534,-0.20228698386279464
211417,-0.5531875470391748,0.4270243998714391,0.988948136399,-0.08921746028204579
211619,-0.3039750358856118,0.9118934023913833,-0.014820003324626473,-0.4380584746458633
211821,0.8886543532569865,-0.1713259547108618,0.5822594493177746,-1.1678748271925163
211922,2.0320497677892697,-1.253844849882689,0.7413265150260441,0.2076188238177146
212015,-0.8536401104734392,2.055213088759642,-1.5340936410472252,-0.7493248199856488
212318,-0.23059122462335852,-0.5539452261441165,0.45095935263418796,-0.11391941280362129
212419,-0.15094220825686927,0.8475285998616382,0.45362882841346697,1.4077036289275662
212823,-1.8720054893420346,0.3370225715059926,0.1688474329464311,1.0199356925407264
213017,-0.4168424755812126,-0.3123528825804772,0.8180618635251335,0.2948021910958214
213421,0.08296064125499328,-0.914688539897928,-0.11861391184019847,-0.17939699565576314
213522,2.09886320391404,0.5452850278434612,0.3408487846691595,-1.278884965874629
214019,0.7239966721001292,-0.32799614996992077,-1.5525560912232361,0.09408470436807428
214221,0.9253748317217492,-2.2548779123945053,-0.6821538246697718,-0.06248005736403595
214423,0.5865805779789176,-0.5029185057532497,-1.4112045577376104,-0.293084118703031
214524,0.5019690136821973,-0.07935883855437299,1.2212720607243488,2.335627367667129
214625,0.8196836217717012,1.6320914438178151,-0.2699032284363837,1.526071109968487
214726,0.25198411956528677,0.4518247717262337,1.2836311400656155,0.7907686265839398
217126,1.0326052447781726,-3.0112775840125385,-0.5679654692717973,2.579441646893011
217429,0.29500522210062835,1.083510962466579,-0.6266831273964459,0.027369937898444614
219231,0.6646167505660112,1.0087883867028158,-1.3544317205052447,1.1423405043637753
220721,1.8361724458711355,-0.2714663207519708,1.45268172736017,0.6972808342554959
221319,0.5766826033584761,-2.2238090251503864,-5.796386933109177,3.328795613928718
224022,0.13017772191674648,-0.8307888180330324,-0.31555941104953866,-0.30795174507895223
227533,-1.559209533725334,-0.14322106355681885,-1.7523500766667688,0.24487847982394648
228434,-0.9905192992795435,0.4010738138195,-0.9700611508058645,-0.029324726251049628
231928,0.8555490549497451,-0.8593861900414717,1.5746585923839833,-0.18372576726139997
236130,0.02792340339624126,-0.133162409882763,1.2692924513740884,0.431914161130969
237334,0.5564885299040305,-0.8331012789530267,-0.17884954694084224,0.34139248756913787
238033,1.6775594725037302,-0.08885417138823802,-1.111209217099181,-0.39111345998440006
239136,-0.5642867677792313,-1.291895821130663,0.33319175093736064,-0.2815397328695849
239944,-1.0532585773672483,0.22585413451616926,-0.8498661242683758,0.49113485377348276
245333,0.10019259142484868,1.3742763535942337,0.1199597454725455,-0.47198136587063416
246133,-0.15003448763910227,-0.09163334039024974,-1.0829685471678967,-1.1197168076407518
248339,2.1015358320594664,1.2344344497455921,1.5405393759126593,-1.728524846265463
249947,-1.8092957308108149,-0.5224594225268835,0.5992423125152052,0.5553068531960863
250932,0.6876475942769461,1.1902947135539341,-0.8525541679406282,-0.8083039256591402
251833,-0.26255331542267457,0.1589636597207629,0.2628869012156621,0.6280821630150679
255639,0.07450450722323836,-0.5560399684744367,0.3168911443043864,0.06064323039303829
255740,1.5139798863452418,0.3929845107829673,-0.5525674947281992,-0.07167597788291896
256540,-1.3897573701066013,-1.2129523476576596,1.5946658462593188,0.6294125084690564
257542,-1.5852484080711469,0.5627818789320753,0.24134797341091718,2.04806937127894
257845,-1.84126751057891,0.446718521346089,-0.1242449004556622,2.057422284583606
257946,1.1110500458533448,-0.49574746050456614,1.5243665671750841,-0.20791760945651133
263436,1.3001448501093806,0.39308507745352045,-0.8366452053289632,-0.627432872881826
268749,-1.6153902437459713,-0.2764079030218544,0.8505162098184701,-0.13883426595800233
268850,-0.4470419109676308,-2.9335545891401935,-0.9199690953931994,-0.30531255113238653
270332,-0.18926635425122681,1.3616354241718498,0.4332820090550886,0.24994278463368444
275645,0.8651905085653522,-0.19188383247622287,0.6375682460541836,-0.8845377118532812
280739,-0.4824277496434923,-2.648963123801059,-1.7072742845208504,-0.07734095773953248
280941,1.3838548386026748,1.2508928471104168,-0.7057561432457025,0.15073091466624539
281135,-1.001054323656384,-0.19608899040127978,-0.34183488365642073,-1.2000020876155038
283543,0.06826903057857224,0.12500429172879776,0.6223848785559287,-1.011090905004474
285345,-0.8296590546121129,-0.6161823887128629,-1.1858252816366182,-0.4271007372403199
285446,-0.39437851561606463,0.37563262626342653,-0.8114716550569583,-0.3712496305678295
286347,1.5049253664428137,2.42800315095514,-1.8918073018285115,-0.6147620805273547
286650,-0.03120472268099209,-1.4383327918138564,1.2812303575625463,-0.7643701795308405
287248,-1.0098023631658626,-1.0123195131842129,-2.4354260684011115,-0.5630848107820442
289555,0.049037614297905076,-2.41601945999135,-0.8209020987317704,-0.2262228201759801
290136,0.5246833249243648,2.1496301668738353,1.13705985003525,0.10626817635983245
293748,-0.6070951174304572,-0.3703683669668801,1.5347805188735637,-0.11672346712969058
297655,-0.46311243928062606,0.6986140367179329,-2.2256978905900784,-0.5660295322404127
298455,0.49556512793084206,-2.4420639684020378,-0.514158387508893,0.417510529804788
299154,-1.2519677878080557,0.5134502047572365,0.9618517264926971,0.2204468036409084
299760,1.17161287152851,1.5872748193166513,-0.8820379993684591,-0.3236351131003796
300618,-0.6230759110364946,-0.19943356304318197,-0.08784355649031446,2.5457702617683604
300719,0.667794246511685,0.9404061111961057,1.1538497259711264,0.25081644978558376
303119,1.2185442853376598,-0.994120590198392,1.7625699794972258,1.2442303951614988
303624,-1.7192014517562229,1.2514452973793486,-1.110351203625331,1.3199075892837984
304020,-0.32378653896466986,-0.31382080255216,-0.39062675658996043,-1.4957706343961021
304727,-1.3168762094681343,-0.45193750083754014,0.12340281291434922,-0.035041529898797504
305830,0.254472243943803,0.9079250776736421,-0.9034895150039852,-0.42901502691866383
307127,2.3104203516398103,0.11905142925511432,-0.26084066326121924,-0.881719469885389
308129,0.8052828662408487,0.3411624581179465,-1.0945619847500703,-1.3977788629742733
309636,0.512038689831461,2.1999292792195377,-0.3677396686147695,-0.7116298070599281
310621,-0.6738376853600068,0.18975380534937972,-0.08371146358310669,-0.13334670501132329
316633,1.0498476187216275,1.982285669502348,6.467287821509894e-05,-0.6215831045326302
316835,0.1453729010711434,-0.5756695276209172,0.054558535773014026,0.818002813910343
318637,-0.3134988578013921,-0.32138774233115186,-0.2906781519700586,-1.2919199509624446
320826,0.5183724955876623,-0.1946991564009975,0.10447807799654889,-0.42686455533890055
321323,-1.4303744881420877,0.009201213423345256,-0.9359802160050372,0.010582794136793472
322224,-0.3016471559928073,0.35261283126401544,-0.12146336737371748,-0.5812893181607574
325129,0.3025887725038301,1.3029427350942864,0.04674929375825226,-1.0486919289708279
329440,-0.2227728792998712,0.5315542688444088,-0.5495780269659702,0.05237831862087606
330324,-0.8628421158799175,0.26717727210856773,0.9671311858048542,-0.09725070810222643
333330,0.03657310692874949,-0.4813033348294348,-0.7079323755709933,-0.3933316891453162
334635,0.8186469349516243,-0.6412938025930879,-0.6709070765992253,-0.13126522116256775
336841,-0.07022775500176488,0.004072523507195672,1.204141436243008,0.7465765925025524
339847,-0.9918181709762102,-0.17562200097683223,1.2061490762400553,0.004008263467066237
341834,-0.3259446241565372,0.7216761286883607,1.6151772746600066,-0.10359171499171621
342129,-0.9707508227597498,0.010215888673247658,0.7407051650304668,2.8798305533203803
346945,0.35259636068235706,-1.5279556565907568,0.39103276245741814,1.1885387521078254
348545,2.726536375854867,-0.2333720172028662,-0.7916411619994618,6.353078674463603
349244,-0.06978844199616889,0.29047996549392463,-0.10663989987663826,-0.9699589966271106
350330,-0.43262295185305355,0.6544170353586893,1.1739137486082885,-0.022944553104653483
352738,-0.4181918278587987,0.3080982023205742,1.7583384180846606,-0.027662551611901554
353740,-1.4812997382591853,-0.25359060617742524,0.8347835327666949,0.9275204944044412
356948,-1.232250161927925,0.9578843902534414,-1.11314729222543,-0.5130353304536659
358144,-0.6699847194147952,-1.410070624385049,2.081877363957904,-0.005291251262199515
360030,1.042232042448421,0.6561442099125032,0.7982636740380173,-0.5904702270461614
361234,-0.29914308801775774,-0.9908428537640938,0.5666966850122676,0.1313256260280282
361941,2.9754057308543596,0.5965604503759159,1.04020021486389,-1.3157226724707392
365343,-0.7616843295084982,1.1183729862109364,-0.3611380619276949,-0.5505399298850975
366042,0.6552370926667426,0.2745004266126199,0.5674357640673523,-0.020350706142847088
368551,-0.9857812018124941,-0.3341307321875604,0.3758311069206093,-0.5082468617224722
368753,-0.30287365746471956,0.7919559468359577,1.7629617975173448,-0.9879913033400822
371843,3.33084683325709,-0.833756330438493,0.231773498090901,-0.34992801460988154
376247,0.2169611808451042,0.6650593840925969,0.5796921480221049,-0.4033389396439962
377451,2.9126831920538123,0.6795504642973661,-0.6451007560492994,-0.41842478222656454
378857,-0.014555536581266725,0.04225273164517907,-0.8177958655655303,-0.37210219696261077
379657,2.1666016327996642,0.4937659293227332,-0.5802822057833434,-0.3888362737409493
380036,-0.07848941755232447,0.8492016348820578,1.365994327184285,-0.07879835348060144
381038,1.4900702286999046,-0.9295576579472966,-0.10411059122260856,1.1099460204765417
381543,-1.4921158407751736,-0.1820153444545695,1.474626138591656,0.21129816301983068
385450,0.6944484118896461,0.6898208386983675,0.41419809015029296,2.8829415813525836
386250,2.1408095065307315,0.7455991543686096,-1.180538601478199,-1.3130374775952471
387959,-1.0210336426551525,-0.542573021831026,0.7228066620755232,-0.048685978700866675
389357,-0.8889070991337363,0.12397526943174432,0.081138441824236,2.2561880455038748
391748,-0.6622823063972625,0.07716440348461506,1.6112673900074563,-0.5231924658529068
392750,0.8811313095645805,0.04565061551459414,2.1617900209337475,-0.8437812077972271
393247,-0.9152720754006896,-0.9531987602766465,1.7894012569157478,-0.3603010254217279
393550,-0.9675126325561945,0.38941881832055214,0.12860212205716903,-0.5070642389914505
394956,-0.7591410160218692,-0.8371257302332074,0.2822018571141248,-0.5007997850812514
395251,-0.45757825570016597,1.3150199529054813,-0.4547626278638415,-0.43836971681463904
395756,-0.8452354558358184,-0.33878001634828253,-0.18945638732449102,-0.5940119698700188
397154,0.6965479119281152,1.3819040791150783,-0.21763319348203936,4.201638571400169
397760,-0.3030425041314174,0.17253568436370595,0.44595152708720687,-0.4700631983162576
406432,-1.8651219062581044,-0.577041353890175,-1.4461778895821595,-1.2894198982280949
406836,-1.465493573030211,-0.6846637335692187,2.0600040147066303,0.5953848498048985
412528,-0.991265255398986,-0.8333280717580734,1.0549438481884885,-0.12899091018798367
413934,1.1071312983930746,1.02666970747391,-1.0084678816539363,-0.47922235403462415
414229,-0.8044756882110919,0.011033675794492985,1.456311067389324,-0.07651414414754847
415837,-0.34426387322725815,-0.44370835725811775,0.023453615499907786,-0.5901783034223854
419239,0.862775231979063,-1.0401613248009007,-0.2638280279624668,-0.3592221002177822
421226,0.38845243618551195,0.7181069718920677,0.738651005050058,0.23360937232184176
422632,-0.7214004419620074,-0.49756971215570667,-1.0334476691808558,-0.0755637970966721
424939,0.7188618260504381,0.75840363701894,0.1965352540950557,1.8247578194162075
429040,-0.249104393149349,0.7445146763053266,0.9197269865281422,1.5790183845822692
432332,-1.2812085430445508,0.8328705761250504,0.05497377235567791,0.26853015859899443
436239,0.3713987404517838,-0.06119908391525049,-0.3418063810608124,-0.5364749379267447
436845,0.31214952206910274,-0.09795136756661932,-2.418378040151327,-0.5885045111559379
441939,-0.013215688258825714,0.31259149222437727,-0.22761286714692938,0.9601082445237932
445543,1.7023908187018195,-1.8005970301019352,1.091386322334392,-0.18327855651225436
448347,-0.33946976825324154,0.7460510933391161,0.5370563216902039,-0.5931051308077262
449753,3.0792186879215095,0.06240227247568583,0.8912756495509738,-0.24898087426357352
453441,-0.9001834127263971,-0.23899733946550153,1.7531769823983254,-0.6474116830792723
454140,0.1787641540433839,-2.453171814494083,0.8852891706290557,-0.1510676341098186
456346,0.14492185220959714,0.16482229561773717,-0.4988734614023159,-0.32445878914669996
459453,0.3893942219233756,-0.6501628216135712,0.5471267268012349,-0.7327605895648042
461743,-0.6955657937288139,-1.6086265457299918,-0.5274622481610108,0.05322449334893721
463040,0.22362897223627218,1.1185852507924272,-2.156696139504194,-0.44417634305902703
467351,-1.8768968284215384,0.2835651533215593,0.30057833669182754,-0.845404719775377
475855,-1.2323215771537104,0.17715846926031523,-0.991705113817094,-0.205239846229376
479762,0.06264563624968891,0.6908268444520289,-4.07629295379988,-1.0198628435761845
480141,0.24389533559951354,-1.0904220333429122,0.8125763285848844,0.7128501109738464
481042,0.6927449216701539,-0.1362972593292488,-0.39832898782612375,1.4332884704257263
481951,1.2823869594455342,0.13630688298750845,1.1297880567979677,-0.4641748459401348
485757,-1.3050367326049594,-0.12330454441541837,1.4996096212811174,0.7532945170002471
486759,-1.5332760500069662,0.011533152755790574,0.9013452201650576,0.03142848344431354
497865,-0.7694023307695178,-0.2984302875236209,-1.7224822362881167,-0.07103556849752646
499566,1.4507223044232722,1.3480714587146614,1.365759615850031,0.7046911387987308
500222,0.5721666875967079,0.7872604292642791,0.42408788781835116,0.5037083484207516
506234,0.895102125631434,1.0303496361983082,-0.3518385974391123,2.1293991866666024
510225,0.8211599424986249,1.026455358867167,-0.6943210135897244,-0.07961355874008172
510326,0.11319736320371558,-1.2114173195616964,1.1328658935623401,-0.30338525442143516
512835,1.924240490413876,-0.4600047008018604,-0.8897589995404424,-0.9366014258749497
513130,-0.4078756372171629,-1.7371510302564428,-0.43019826432610103,-0.7982615982567534
513736,-0.03615963599837992,1.5352519200037467,0.8053857674934173,-0.2715991592373976
516742,-1.18131671449819,0.6991596709712907,-0.16805640306137692,-0.3011405677168771
517239,1.5954233055088713,-0.8641219250744295,1.1401405087585714,1.2599147457018147
518746,0.03415479325501144,-1.033237216004678,0.27978776738627575,-1.0642644099096719
519647,0.4098038232566179,-1.0897234772679092,-1.084775249068156,-0.07308887492904055
519950,1.5463724150248306,0.29879160068233407,-1.141985803884444,0.4790609798203057
520228,-0.0663407931625263,-0.4397550816623049,-1.9549806230864555,0.00897130701682121
522434,0.2299393080059928,0.7218862203725626,0.08254415527435496,-0.21889094360455302
523032,0.3585855173612014,0.6895592317534975,0.35335177400021295,-0.9037113822282401
524135,2.6101731568798603,0.62908025881079,1.3833896071690597,-1.3479502020252891
525541,0.7411783611294029,0.2882457014787968,1.650546910815341,1.0295711297934436
529549,-0.23846808643888076,0.10975502913011191,0.33293866062519545,-0.42051056684184485
529953,-1.2863001966187866,-0.13410973769069534,-0.6224869079607481,-0.9909732962987053
530635,-0.8389836670947561,0.5571424940947224,-0.9847444273200993,-0.9287227965042483
531536,0.25304193667043345,0.45183708559030067,-2.379739258775613,4.130045948919237
531940,0.37261252890452845,1.6472338778947477,0.416496891029386,0.14063431228182044
536647,-0.743642510283965,-1.6494808208123188,-0.4970270887178869,-0.14194960160198325
540436,0.03175139727658896,1.2326884717816993,-1.3555664454019256,-1.4346607823521664
541640,0.03713582913621642,2.204318209379911,1.0135567690043272,0.09533392611360643
541943,1.097038967810316,-0.3770081418465344,0.009137855125048933,-0.28133391785510914
545345,-0.31783831549464797,0.7261928962150721,-1.6564325865314122,0.8458818590611947
547046,-0.12004129268139184,0.28210973891408864,-0.6336741590078598,-0.5756015619261902
548250,1.5390538558142217,0.5895048831225564,0.6692421262238689,0.07934143842914325
552241,-1.5307980276030027,-2.036103874456385,0.10520177897728845,0.14086042549834252
552544,1.2241054996373806,-1.5883203947078415,-0.2897257224174557,-0.7540024158997023
553344,0.28491975386487406,1.0169939746938899,-2.011666299972358,-0.37454339490099237
555651,0.6625844031433804,-0.22291506435731276,-0.36828452368075043,-0.5240351763583146
555954,-0.784888280981013,-1.6925656072989173,0.5764414427350404,0.9310461044393613
557857,1.7281947392256616,-1.5839060198541888,0.7745750271074534,1.241868906869564
558657,1.23665221688796,1.1017388125746193,-1.3901392015906637,-1.5501303208263877
558960,0.5199743807432383,0.4348965281943065,1.2289633379611382,0.8275685787045619
559053,-0.19188130380740984,1.0957927538087018,-0.6174111112670987,-0.6369288918561856
559457,0.32076241847164766,0.6604383466109092,0.5300890039845718,-1.201617732792243
561242,0.24606747052964284,0.09071239208124983,1.518899946986711,1.1032338456338786
561444,-0.0054128112152256515,0.6512292556597674,-0.2690063450475641,-0.8628893597699075
561949,0.05490434989371602,0.17488277102115646,1.552476093550229,1.9398778037495057
562446,-0.0426046949139089,0.017207160446992362,-0.19520211613058874,-0.52039323537022
565452,-0.4381984923374223,-2.4486204729861694,0.3931825348901227,-0.7001342796296752
566454,-0.2828745375885981,0.05839404938644881,1.014218609402345,-0.3989016952517512
567052,0.6431453249181642,0.7136575565389924,-0.8229333242174437,-0.6583582199494938
567759,0.15260902293740855,0.6230787920879427,0.9620614939359569,0.4068011944271227
567961,1.633749447338264,-1.3592060697837152,0.35813880647899016,-0.473289785053076
568963,-0.4412790767219457,-0.2390432550366891,1.151490854470742,-0.6521125609002175
570243,0.8315718008100933,-0.9917162651328933,0.8815824871834305,0.32495700322582205
572045,0.01921076645419803,-0.9537204365909632,0.7483371598442766,-0.2811066757088802
573249,-0.4041703607101151,0.6637849836086529,0.8817202453225166,0.036433022653488085
573451,-1.3348716955160647,1.4277356490072428,0.02764817614362621,-0.9926583963739568
578057,-0.488903544492594,-0.9184242436265524,-0.670215986262755,0.47773017163495035
579665,0.8847910246647883,-2.6238735656155456,-2.739989243224226,-0.29823694812768436
579867,-0.7323704706994864,0.7518833315962291,-0.2547248445398892,0.6240814936315665
580044,0.7456136027385245,-0.05787867614774164,0.018429612951572083,0.12649342355554274
580347,1.8505486627165022,-0.9312884171202741,0.10733442630753096,0.7762245994205343
580650,1.4321568904313688,0.006328447037137613,0.3415427180491782,-0.879573970777462
580751,-0.35849658028648557,1.2220049066368202,1.1700566231636695,-0.33530449970512377
581450,-1.3710196659940599,0.09331403461494128,1.8362325035438662,-0.8172449581587529
583858,-0.8097429267862055,-1.1014524558548817,-0.3908795201131915,0.9199015906298629
585862,-1.7533544738581706,-1.372118944793717,0.9206328791209613,-0.5961230768493969
586460,-0.8752834472650428,-0.6793559886518057,0.7066079738591667,-0.42336875715724614
587664,0.2548004126141742,-0.9202049247350419,-0.5218558185602001,0.16448777915235757
588565,2.1445222374302415,-1.5552141541305722,1.347959900684999,-1.130229880257661
590047,1.808512386549746,0.04501755961690751,0.13137965884981198,1.0731736027440633
592455,-0.05671161094991759,0.1173336716466171,0.21574189493534354,-0.4404267580538169
594156,-0.1837923513175564,-0.9178004988522611,0.33295064718651785,-1.1023873480805193
597869,-0.039123893513315154,0.1394327958634337,0.26328494901470856,0.0632345638973043
598568,-0.17161876293436626,0.5648544791406431,1.1906563684050635,-0.7127436760148259
599065,-1.4507537861512922,0.4014870589333001,0.011237899980091679,0.8225165198672578
599469,-0.42929446350515,0.26118023908055177,0.05172241456679366,2.1585933304222227
599671,-0.7413560227399694,-0.7724212876934954,0.9441281509987716,-0.034738673722703735
601127,1.2525599581932445,1.7373591613440207,0.49803215676912094,-1.4519517128218777
604537,0.1743702664900718,1.1689148432435805,-0.21481186344034756,-0.9690487791780161
611938,-0.8839424806401239,0.6286771134116033,-0.015869268022157722,-0.28171092532262343
613538,-1.1443500740646395,0.10674154634127052,0.5784031716743979,1.3369397924217712
614439,1.9497307564579385,0.9846804703982315,-0.879730925964074,-0.8057045841479533
615441,-0.6534216474486112,-1.3810162151492775,-0.20502505658552894,-1.1719579302000869
615744,-0.6754297100096757,-0.699203701504966,0.9469757382531716,-0.1408878579596906
616645,-0.2228487180491657,1.8037326211328877,-1.862559341469357,-0.9834202870580839
617748,1.7162112393013909,0.12367225490044982,1.243751638658132,0.6339439979840592
618952,-1.2581515443345122,-0.2064551241615028,-0.8546691153422425,0.3039698491765835
620434,0.38148759778168445,-0.6840005461041354,-0.7659772140267271,-0.37374605839941405
622236,0.34855850324324716,-0.9975141624935464,0.03499903702782416,0.34687580282132785
626648,-0.10091808158077302,0.7612964549464339,-0.811707893691621,-0.853332483324161
627852,1.1201170669150666,-0.33560160564682184,-0.8893374019080569,0.20694698191417887
628248,0.172319411775654,0.44346581501707455,0.5576968363689305,-0.9353371015354248
634748,0.13026566738191822,2.84211083868767,-0.7668417812755164,-0.4504032399808233
635245,-1.17984902179311,-0.005361813044047118,0.19066186609510105,0.500622296429428
638049,-0.3898175576176359,0.45139077880849304,-0.39813796238701404,-0.7278234347418877
645450,-0.3525332071664642,1.1654355813863517,-1.3278231992673735,-0.1269259951479902
645551,-0.9858457323336017,0.5798113476288482,-1.4948546458821876,-0.6954068763074989
647858,-0.26679871822831874,0.5780843126154628,-0.5758972574681626,-0.1690784706353466
654350,-0.4406630818865504,0.2972040226832417,1.7175812421933245,-0.06182169610608524
654552,-0.10130073091888991,0.5094530452485783,1.4439871236889756,0.4106909676550371
654754,-0.5856851218270156,-2.344878630889113,0.8954878766928741,0.8198260981893092
656253,-0.24168820168360303,1.1498264336274093,-1.4269256294120234,3.152812039342806
656657,-0.13273664127982976,0.3212491263958968,-1.3201563816948083,-1.0908755308291374
657659,-0.8255786748091987,1.139593628083292,-0.3433539836326362,-0.6437652874667849
660951,-1.1275153454823463,-0.8528459863470363,-2.328331372557206,-0.6011609791826995
663755,-0.7542845060551784,0.5564406759087444,1.7662709876216554,1.510075580925176
664757,-0.5050512661640449,-1.9337867134429465,-0.6960389849153267,0.2050455785453501
665254,0.8836796727072046,0.020609220597301237,1.8173422533697632,0.2727004172839729
667056,0.49755714506027726,-0.39452685197973225,1.1119375850962716,-0.6487032971672576
668361,0.10370480447746966,-0.8702105496875321,0.03662164307767,-1.1746976354407421
671855,-0.5780548812351859,0.6587301103486775,0.18746524712535398,-0.6325787366317418
672756,0.8914014479485324,-1.0212364215835699,1.7817477648031677,0.44236160944672004
673455,-1.0262614333376348,2.1982565641832634,-1.5426076932020365,-0.702429292799286
675661,1.7160858267235741,-0.5308308767427191,1.2681588924910385,-1.4153619809512816
677766,1.969180621456634,-0.6445796247502276,0.523808008138039,2.7306156765600567
679568,-0.10741077003436855,1.2440685371255886,0.516496236757178,1.0793849605021926
679770,-0.3601859996658476,-1.83597036065301,0.34418700768340044,-0.19017419206556846
680452,0.3956323780077041,-0.7119801711168882,-1.1213004425527395,-0.6830809255908522
683256,-1.4358469522110413,0.06005505599165251,0.4689447433833017,-0.12143997401664244
685058,-0.7981793668931079,1.5756620707667854,-1.9348983650478475,-1.0033329810481604
687163,-0.3100796010330079,-0.12125297742483367,0.6254845604601538,1.810575224602914
690152,-0.49380732186831977,1.9068446925317215,-1.0023168349793032,4.927777419619556
692964,2.12431603415957,-1.7359922671899564,0.9105273911183344,0.1856726344744359
693764,0.48623112793143236,0.09841121531483059,-1.4522260762343233,-1.559188898606907
694362,0.4034704855783925,-0.13343097879407953,-2.0941783922405666,-0.7626281193281405
695768,0.6033092448833361,-1.0058665790464167,-1.6752564765123543,-0.12625329771127036
700634,0.12750663850048777,-0.5521554860473255,1.171429140092989,1.0178100300593134
702133,-0.48639436379895085,0.9862484263172653,0.0013997711650106674,0.10959782816810622
704238,0.5447457271208077,0.4336857765600842,-0.25282572552157284,0.5601579678627965
705341,-1.1655589133987976,1.3438134865958216,0.08125844993229721,5.049579524861683
707749,1.5040422881190556,-2.120655801590142,-0.1707395428540582,0.4718118279746699
709551,-2.2725435485145895,0.7332280420887827,0.8321649013646715,-0.22373851422187083
715041,-0.5920417587332231,-1.2901271949319142,-1.0218371426225266,0.1990479480940046
715647,-1.3567692252660954,0.6047628298109107,1.5632353776182677,-0.0579487221540757
715950,-0.4138288237443804,0.10628920608928508,0.0594956439210115,-0.3704052993669757
720337,-0.260414637149975,1.4864183081428788,0.8170420450373198,-1.1047790350107762
724446,0.5915872248344993,-0.04615323988868911,1.0586784878470794,-0.727871916044423
725751,-0.5669489847225835,-1.9481179453199904,0.4280862287286655,-0.33295440660505404
727553,0.31852683716671676,0.6461337992227143,0.43120376160493734,3.4074915554240865
727654,1.1257592457835932,-0.006579628678299389,-0.2629503486825141,0.5466932064665146
728454,0.3318576075731758,-0.1827376928642366,0.5872710211298184,0.048504649413332206
729557,1.6168399210080733,-1.500775538450661,-0.5000043240795594,-0.2433395836322183
731140,-1.123583870630559,-0.5074571479540264,0.6475676004968474,-0.32737535741653184
732243,-0.8069973318121771,1.2386851201028874,-1.0696609233062973,-0.7668676655263341
734045,-0.4438383028397699,0.005144552783913803,1.158164569086332,-0.8683062352992409
737960,2.0217545525936065,1.8728403717695052,-0.12899223199312085,1.69666503366378
742549,0.8568859396510913,0.5081705175709751,-1.4714814257485103,1.1128851780981146
744553,-2.3232232077581054,-0.23965690433957543,0.6539913668450767,0.6520008142103075
748258,-0.8096192990642869,-0.8164968090497328,-0.5736485959150949,3.7267521610521057
749058,-0.35969558858871925,0.8128283695398595,0.5152055672367399,-0.944007618156993
749361,1.7584606396407736,-1.438529263694588,1.6850011206693107,-0.3356037435222321
751348,-0.5618813226320607,0.8148011653073344,-1.6061979022460868,4.0632952048878455
753150,0.44459062272580185,0.7942521442894626,-0.09190676413561473,-0.6643264251708458
753251,-0.5762197292763449,0.08454953039172917,0.7519897204695525,-1.0370591954375978
756055,-0.1943554397601573,-1.3530563971489764,-0.40789480760383057,-0.7828126353515106
757764,0.44770315617061823,1.7058927635798353,-1.0688951423850666,-0.409440258890649
759869,-0.6168484124055702,-0.11391504371356923,1.0773775815232038,0.1523303939546429
761957,0.5767047397029538,1.3269850920173112,0.5595586071300171,-0.28096400226110746
763557,1.5356519227546956,1.108281883772338,-0.6073217094217892,0.022162204488301907
765056,-0.10029991567842764,1.343023797144368,-1.1397631922091438,0.04287390737230844
765864,0.6776225974216509,1.8060204173326522,-1.7304298022795255,-0.06278193536046543
767464,0.3025130750041757,0.08502111352386459,1.0325134424669562,1.1669273007296264
769064,-0.32762357920788715,0.29227221948627075,-1.2280970415672687,-0.6659313486040072
770352,-1.0656953779242266,0.41788638697753505,0.2626606941805197,-0.19160051468682096
771354,-0.0471317033605009,1.7008292096154667,1.0917218216302504,-0.23365626693604769
773257,-0.4832718208262029,0.2459271433635859,0.2299323390257755,-0.7291062395898508
774663,-0.6208061678092964,0.2249481723279018,0.7039323485481792,-0.15141414216247417
782561,-0.2696943286216678,-0.10846481069065865,0.6699568020034415,0.36713970091381415
783462,-0.5965927267756842,0.9264415838898019,-0.9573895942934659,-1.0243510343576243
784565,0.4711776768034946,0.41125921788482694,-0.8934520520390836,-0.38704246099396794
788674,0.6295761124217989,-1.0456939301673223,0.6554622207915353,-0.3482521344901765
789373,0.2097781009496986,0.03167483499633009,1.487634110026547,-0.9627963756332629
792564,-0.8958001444628211,-0.04887964373175205,0.7984832762848634,-0.061803679015430574
792766,0.48530906511984706,-0.8778285214583137,-0.2310713214839635,0.11836067900704243
793465,-0.6946275076591928,0.5076897234078197,0.805988080058131,-0.8749059848382746
800941,-0.3610635022531773,-1.2909231135658765,1.4286948603595957,0.9841052764645031
802844,0.001860799395002612,-2.3713110490701794,-1.3224502536513016,0.20624815347241926
803240,0.038418243932679015,-0.021855710085735027,0.6347643305939513,-1.0030537758148435
809252,-0.21744391390838577,-0.17638330892284362,1.8879139358373689,0.712168703072923
812746,0.2572378512713048,-2.444146086919197,0.024966038848426478,4.470587347104645
814548,-1.4527106455796193,-0.597776830772595,-0.09434822543622765,0.49235565210427756
814649,-0.9369546672923703,-1.3266181566732893,0.6099255725169287,-0.1948881416283582
815247,-0.5072389037294759,0.7205972294743994,-0.2792884594815417,-1.4745828266327143
816653,-0.5184896712288276,0.9947385405504263,-0.714281015375684,-0.31646035462171457
818455,0.4436560724442215,2.088073536900028,-0.45777767329709906,-1.1064339267732923
818859,1.3200936067218423,-0.7268946187140667,0.45995113854095665,-0.6792699864438894
820745,0.7216969391748168,-0.5931166845160168,-0.7507933412801989,-0.014622101203299721
825048,0.39141991522885033,-0.2855408612810341,0.6147087903451778,-0.1542350181356208
825553,0.10085248399396834,-0.0415942908387971,0.6050627766762613,0.4484924934835929
825654,-1.755107650975203,-1.7729718480566174,0.747265576833319,0.39985434052645547
826353,0.6820283209053911,1.9873582694093663,-0.6800624323090956,-0.824022236598425
826454,-1.0062634648675226,1.5307083470281506,-0.13176146865546237,-0.48406491951007996
827052,1.151176426702512,0.4381589613348188,1.1053985095509435,0.5525846269602401
828862,-0.6534075190631266,0.8900087398600379,-2.252946088781333,-0.4594743441789938
832651,-1.0830077187647813,0.6640412508906132,-1.6975270662799966,6.08253384834779
833148,-0.08898333485771658,-0.298353747914845,0.17588388077667036,-1.4623138782253609
837560,2.2957517777996346,-1.8818226660141946,-0.21434328473395572,-0.38659803808669646
841349,0.17210256775441984,-0.009389425469595352,0.8570592882438864,0.0588633125242681
843151,2.510788788379401,0.27426170380165454,-0.535240547882759,1.9793526347346035
844961,0.24364539660145307,-0.21231620295275858,-1.6008850972116682,0.17357659124147018
845458,0.01764219212915739,-0.2594259024465693,0.573262798423252,0.7150363871441533
849264,0.7685440503973128,-1.2024145649330134,0.3577994527585174,0.050395255098377494
849971,-1.5858575247273936,0.1766018803154408,-0.29707121628855593,2.4216389747953366
852455,3.2055605978391837,-0.21383528835457347,2.2197460672167204,-0.6253570213582514
856766,0.10511381956997391,-2.3032630200358395,1.035221682081645,-0.37601065352590235
857263,-1.6551358196065646,-3.370841409333254,-1.2467759240301868,-0.5969616782793407
859671,-0.1824700404494198,0.25014086027786325,-0.8695726826081334,0.4797508479555774
861456,-1.4447585953633613,-0.8427233738135055,-0.5640518121159606,-0.6751116333929883
865363,-1.377209161107987,0.0237110804852336,0.5417584749660829,-0.6451171229178391
870861,-1.1292753871531729,-0.4639899570497657,-0.9087919706096137,2.287465916030237
871762,-1.0620368194983376,0.3658637419430243,0.7017104561034078,-0.733570275181884
871964,0.7589815088614864,2.9382846252514683,-3.309506922416856,0.19524389376256557
872158,-0.3374772177154909,1.2434872872477292,0.7663010996308998,-0.6687194648905331
872562,0.20956423864459192,0.08250639124020964,0.7325044177974352,-0.2711108162340473
872764,-1.1085328865279394,0.44245278786013403,0.13929308738863289,-0.1500631747306527
873968,-0.7403594819565694,1.2077611350495432,0.8357435593956453,-0.3796725097449769
877168,-1.2200945765091697,-0.21098089166284695,0.3160120984972312,0.27050016817497574
877269,0.8343915669253785,-1.113737628342902,-1.9372947560878333,-0.8083938828500762
878776,0.24148781508498762,0.8193791280463143,0.5918786391344245,-0.7199237073867758
878877,-0.10439371380126965,0.3811962773084851,-0.7529137771983869,-1.0601834976821916
880157,-0.806056383308667,0.7523766175021998,0.5254544699870065,-1.007246878849462
882161,-0.11732932267159758,-1.6878968259775244,-0.8858473908818618,0.42800823014338496
884064,1.7732644921668173,1.4185622520584134,-1.1174604973586066,-0.9443227970982384
885975,0.7593376008519797,0.7153941165043748,-0.5862286368793826,-0.06297812164295682
886674,1.0055478787109258,1.5954793931755749,-0.37178940151072504,0.21102256755231727
887373,1.7859290729401245,0.8509747730004533,0.16217146594039109,-0.9446269099464181
888678,-1.0519416271772781,1.7650084772970323,-0.6342804478000748,-0.7874589230265903
889579,0.5405367288979293,-0.5660161341496805,0.8103841730243622,-1.2187624003014512
891667,0.02758642483799963,-0.7911418825389839,0.7182793879551894,-1.0258969974657624
894067,-0.6519756558145023,-1.0658609026584265,0.3516459252799714,-0.692159781127823
894673,-0.9611193274238581,0.02585097012313171,-0.9737768666346901,-0.401609511492885
894774,-1.9627051981957206,0.5125502281047092,2.2486474923743303,-0.6240351877013736
896778,-0.45040604815795704,-0.7702345004900398,0.9017279368135594,0.40967585996718114
896879,-0.5058385071281668,-0.6777552267521245,0.46034325867917064,2.055910036108008
898176,0.7408747978222614,-0.7381542073191294,1.028973541171721,0.323963435523962
899885,0.918886999893398,1.0303865468394078,-0.585274121573415,-0.8936981749525171
901139,-0.8860872694078029,0.4933394294865047,1.0396369281831317,-0.45433364572758117
901442,-0.6247969837455656,-0.06531135674526303,-0.09623575660818497,0.0005412762024275996
902242,0.06971422416081675,1.5209684338760847,-0.8793563970388958,0.013453985943121562
904044,-1.6032207585281593,-0.5078787808448111,0.41734838074975644,-0.25400117802067773
905147,0.07022125881126175,1.2788796637662803,-0.8152335397006912,-0.2804103536250966
907656,0.7488647740636554,-0.7679768287916118,0.41676745559752376,0.5768209192240373
910241,-0.09314554706233327,1.363161308675251,-2.40758393954209,1.7792745857502523
910443,-1.3090874414406461,0.8641333698907879,1.3091265680701456,1.462764147460064
911849,0.8126172084725407,1.1795725697509525,-0.541564218875461,1.14335144244568
912447,1.4050104365617004,-1.4472042000633996,-0.5553480370619552,-0.8613258078770404
917255,0.18875060244352374,0.7888205018079529,0.42031715974983364,-1.1176177057720356
917558,-0.05914651395103294,-0.029639816319730325,0.014219825360906626,-0.640011110646691
923755,-0.3514071815754154,0.23437548478839992,1.2892623919970734,1.7642136193607079
926862,0.35677135293966966,0.20081339057044115,-0.461946990312448,-1.1912512193774005
927359,-1.3987826433466488,0.001050465952745856,0.9540566127498937,-0.18756100365615236
930449,-0.18206666806901992,-0.39477390559567754,-0.5841487123603946,-0.3628595451248738
932554,-0.23551161786995808,-0.362792728822709,0.17710053994411531,-0.6929294905694356
933253,-0.9356321844797513,0.8007540497715387,1.4581538917345718,-0.3944896571764055
942658,-0.7043895130239355,0.5750326791963075,2.339937385425878,-0.7143341888013305
951457,0.22537084469262383,-0.7995829599465983,0.9859661273232897,-0.36983560872498356
952863,-1.3567023325528982,0.5395995574563919,0.8083095347650727,0.32370186091406294
955465,-0.22927651255701736,-1.3390313289177225,1.7093365953704605,-0.1485075287970003
957974,0.020337832341585562,0.003879035054796058,0.17610317388443086,-0.09865854233433018
958976,1.6277130362620413,-0.08289601805512899,-2.3738659005359217,-1.7329078495886958
959574,-0.08728343883433513,1.1879397978843147,-0.5171520009798407,0.6517374750727615
962058,-0.5288860579356738,-1.9476433931082564,0.48970264778104183,-0.34097797013024295
965367,-0.3540154362721955,-0.42109309391430516,0.27715563107459856,-0.6456404402022297
966975,-0.4319920353829306,-1.6764744981657336,0.191094456257559,-1.002311509969964
970764,-1.1923081703518297,1.2557652081334794,-0.41254974553309465,0.02706140491646401
978578,1.1308730416127941,0.39436031789401466,-1.7663123934916882,-0.41494452699295314
979984,1.0302303580786685,-0.6519915507692519,-0.18319617775321528,-0.3758991886600675
983773,0.8004201978434855,0.8713886661280441,1.5877642649246146,-0.0936234877869621
984472,-1.0738245507136046,1.5831806305994016,0.5246515739080523,-0.20308133686453153
987074,-0.8150024281479322,0.4223945834753177,0.023589038271176824,-1.1902613991493791
987983,0.023587777593639,0.40884660439643267,0.8681028487609346,0.7385662698834903
989987,-0.4720442761718771,-0.2150314358089558,0.33883928888213,-0.21240259701433667
990366,0.32231688566573585,-1.7008379778782223,1.9164823377469602,-0.7580874958707631
991267,0.4930705887508056,0.8289105698446578,1.3938383762920536,-0.5016818845193183
992673,-1.028851031168291,0.5304289145639397,-1.809669029478762,-0.8101529703063813
992774,-0.14311538550552205,-1.8078373055028214,1.5163180192258754,0.5192104254183214
993675,-0.02709756314876655,2.2507446229587185,-1.6728940693813306,-0.9167041840698075
994273,0.6661331398035003,-0.10788000014668288,-1.7325368167265942,4.127047765244895
996782,0.17659698288530293,1.1492292347104218,0.09445123031172695,0.5958655849935248
